annotation_id,dataset,sample_index,dataset_index,sample_id,selection_reason,model_key,prompt_type,question,choices,gold_answer,model_prediction,is_correct_by_rule,raw_output,image_path,human_is_hallucination,human_hallucination_type,human_evidence,human_confidence_1_to_3
HJ001,pope,3500,3500,3500,direct_cot_disagreement_wrong_side,qwen2_5_vl,cot_light,Is there a truck in the image?,,yes,no,False,"The image shows a man standing under a tent with various items for sale, including a sign that says ""Fresh Roasted Peanuts."" There is also a small vehicle in the background that appears to be a utility vehicle, possibly a golf cart or a similar type of vehicle used for transporting goods at fairs or markets. However, it is not clearly identifiable as a truck.

Final answer: No",/data2/huanjue/annotations/human_pope_mathvista_60_seed20260904/images/001_pope_3500_qwen2_5_vl_cot_light.jpg,yes,vision-grounding error,"The truck is in the center of the picture, but is obscured by the railing.",3
HJ002,pope,3500,3500,3500,direct_cot_disagreement_right_side,qwen2_5_vl,direct,Is there a truck in the image?,,yes,yes,True,Yes.,/data2/huanjue/annotations/human_pope_mathvista_60_seed20260904/images/002_pope_3500_qwen2_5_vl_direct.jpg,no,none,correct answer,3
HJ003,pope,4955,4955,4955,direct_cot_disagreement_wrong_side,qwen3_vl,cot_light,Is there a car in the image?,,no,yes,False,"The image shows a shelf with various items, including a teddy bear, a Santa Claus figurine, and several containers. One of the containers, located on the right side of the shelf, has a design that clearly depicts a cartoon car. This is visible on the cylindrical container with the label ""Teachers' Fave"" and a colorful illustration of a car.

yes",/data2/huanjue/annotations/human_pope_mathvista_60_seed20260904/images/003_pope_4955_qwen3_vl_cot_light.jpg,yes,vision-grounding error,"The image only contains a car-like illustration/logo, not a real car object.",3
HJ004,pope,4955,4955,4955,direct_cot_disagreement_right_side,qwen3_vl,direct,Is there a car in the image?,,no,no,True,no,/data2/huanjue/annotations/human_pope_mathvista_60_seed20260904/images/004_pope_4955_qwen3_vl_direct.jpg,no,none,correct answer,3
HJ005,pope,1216,1216,1216,direct_cot_disagreement_wrong_side,llava_onevision,cot_light,Is there a suitcase in the image?,,yes,no,False,no,/data2/huanjue/annotations/human_pope_mathvista_60_seed20260904/images/005_pope_1216_llava_onevision_cot_light.jpg,yes,vision-grounding error,The person in the picture is sitting on a suitcase.,3
HJ006,pope,1216,1216,1216,direct_cot_disagreement_right_side,llava_onevision,direct,Is there a suitcase in the image?,,yes,yes,True,Yes,/data2/huanjue/annotations/human_pope_mathvista_60_seed20260904/images/006_pope_1216_llava_onevision_direct.jpg,no,none,correct answer,3
HJ007,pope,6508,6508,6508,direct_cot_disagreement_wrong_side,qwen2_5_vl,cot_light,Is there a toilet in the image?,,yes,no,False,"The image shows a display of decorative items that resemble toilets, but they are not functional toilets. They appear to be ornamental pieces, possibly part of an exhibit or a collection. Therefore, the final answer is no, there is not a functional toilet in the image.",/data2/huanjue/annotations/human_pope_mathvista_60_seed20260904/images/007_pope_6508_qwen2_5_vl_cot_light.jpg,yes,vision-grounding error,"The image contains toilet-like objects, but the model adds an unsupported functional requirement and answers no.",3
HJ008,pope,6508,6508,6508,direct_cot_disagreement_right_side,qwen2_5_vl,direct,Is there a toilet in the image?,,yes,yes,True,Yes.,/data2/huanjue/annotations/human_pope_mathvista_60_seed20260904/images/008_pope_6508_qwen2_5_vl_direct.jpg,no,none,correct answer,3
HJ009,pope,2274,2274,2274,direct_cot_disagreement_wrong_side,qwen2_5_vl,direct,Is there a backpack in the image?,,yes,no,False,No.,/data2/huanjue/annotations/human_pope_mathvista_60_seed20260904/images/009_pope_2274_qwen2_5_vl_direct.jpg,yes,vision-grounding error,There is a person in the foreground wearing a bag that appears to be a backpack,3
HJ010,pope,2274,2274,2274,direct_cot_disagreement_right_side,qwen2_5_vl,cot_light,Is there a backpack in the image?,,yes,yes,True,"The image shows a group of people boarding an airplane, with some luggage visible. There is a person in the foreground wearing a bag that appears to be a backpack. 

Final answer: Yes.",/data2/huanjue/annotations/human_pope_mathvista_60_seed20260904/images/010_pope_2274_qwen2_5_vl_cot_light.jpg,no,none,correct answer,3
HJ011,pope,8954,8954,8954,multi_model_hard_wrong_case,qwen2_5_vl,cot_light,Is there a sports ball in the image?,,yes,no,False,"The image shows a person playing tennis, and it is common for tennis to involve a ball. However, the ball itself is not visible in this particular image. The person appears to be in motion, possibly having just hit the ball, but the ball is out of frame.

Final answer: No",/data2/huanjue/annotations/human_pope_mathvista_60_seed20260904/images/011_pope_8954_qwen2_5_vl_cot_light.jpg,no,none,"The ball is not visible in the image, so the model answer is visually supported.",2
HJ012,pope,8880,8880,8880,multi_model_hard_wrong_case,qwen2_5_vl,cot_light,Is there a car in the image?,,yes,no,False,"No, there is no car in the image. The image shows a decorative vase with red roses and green leaves, placed on a surface indoors. There are no elements that resemble a car.",/data2/huanjue/annotations/human_pope_mathvista_60_seed20260904/images/012_pope_8880_qwen2_5_vl_cot_light.jpg,no,none,"The car is not visible in the image, so the model answer is visually supported.",3
HJ013,pope,8842,8842,8842,multi_model_hard_wrong_case,qwen3_vl,direct,Is there a sports ball in the image?,,yes,no,False,no,/data2/huanjue/annotations/human_pope_mathvista_60_seed20260904/images/013_pope_8842_qwen3_vl_direct.jpg,yes,vision-grounding error,"The ball was thrown by the person in the picture, turning into a white afterimage.",3
HJ014,pope,8818,8818,8818,multi_model_hard_wrong_case,qwen3_vl,cot_light,Is there a sports ball in the image?,,yes,no,False,"The image shows three men in early baseball uniforms, and while one is holding a bat, there is no visible sports ball (like a baseball) in the frame. The focus is on the players and their attire.

no",/data2/huanjue/annotations/human_pope_mathvista_60_seed20260904/images/014_pope_8818_qwen3_vl_cot_light.jpg,yes,vision-grounding error,The ball is in the hand of the person on the far right of the picture.,3
HJ015,pope,8798,8798,8798,multi_model_hard_wrong_case,llava_onevision,cot_light,Is there a chair in the image?,,yes,no,False,no,/data2/huanjue/annotations/human_pope_mathvista_60_seed20260904/images/015_pope_8798_llava_onevision_cot_light.jpg,yes,vision-grounding error,"The chair is at the little girl's feet in the picture, only the upper part is visible.",3
HJ016,pope,8784,8784,8784,multi_model_hard_wrong_case,qwen2_5_vl,cot_light,Is there a spoon in the image?,,yes,no,False,"No, there is no spoon in the image. The image shows a plate with a sandwich, tomato slices, lettuce, and some fried food items, along with a fork and knife in the background.",/data2/huanjue/annotations/human_pope_mathvista_60_seed20260904/images/016_pope_8784_qwen2_5_vl_cot_light.jpg,yes,vision-grounding error,The spoon is in the upper right corner of the image; only the handle is visible.,3
HJ017,pope,8728,8728,8728,multi_model_hard_wrong_case,qwen2_5_vl,direct,Is there a boat in the image?,,yes,no,False,No.,/data2/huanjue/annotations/human_pope_mathvista_60_seed20260904/images/017_pope_8728_qwen2_5_vl_direct.jpg,no,none,"The boat is not visible in the image, so the model answer is visually supported.",2
HJ018,pope,8720,8720,8720,multi_model_hard_wrong_case,gemini_3_1_flash_lite,cot_light,Is there a person in the image?,,yes,no,False,"The image only contains household objects like a television, a mug, and a vase of flowers.

Final answer: no.",/data2/huanjue/annotations/human_pope_mathvista_60_seed20260904/images/018_pope_8720_gemini_3_1_flash_lite_cot_light.jpg,no,none,"The person is not visible in the image, so the model answer is visually supported.",2
HJ019,pope,8712,8712,8712,multi_model_hard_wrong_case,qwen2_5_vl,cot_light,Is there a traffic light in the image?,,yes,no,False,"No, there is no traffic light visible in the image. The scene shows a train station with tracks, a bridge, and some construction activity, but no traffic lights are present.",/data2/huanjue/annotations/human_pope_mathvista_60_seed20260904/images/019_pope_8712_qwen2_5_vl_cot_light.jpg,yes,vision-grounding error,The traffic light should be the small target in the picture.,2
HJ020,pope,8704,8704,8704,multi_model_hard_wrong_case,qwen3_vl,direct,Is there a skateboard in the image?,,yes,no,False,no,/data2/huanjue/annotations/human_pope_mathvista_60_seed20260904/images/020_pope_8704_qwen3_vl_direct.jpg,no,none,"The skateboard is not visible in the image, so the model answer is visually supported.",2
HJ021,pope,8702,8702,8702,multi_model_hard_wrong_case,qwen3_vl,direct,Is there a motorcycle in the image?,,yes,no,False,no,/data2/huanjue/annotations/human_pope_mathvista_60_seed20260904/images/021_pope_8702_qwen3_vl_direct.jpg,no,none,"The motorcycle is not visible in the image, so the model answer is visually supported.",3
HJ022,pope,8694,8694,8694,multi_model_hard_wrong_case,qwen2_5_vl,cot_light,Is there a snowboard in the image?,,yes,no,False,"No, there is no snowboard in the image. The people are holding skis, and the background shows a ski resort with skiers and snowboarders, but no snowboard is visible in the foreground where the two people are standing.",/data2/huanjue/annotations/human_pope_mathvista_60_seed20260904/images/022_pope_8694_qwen2_5_vl_cot_light.jpg,yes,vision-grounding error,The model restricts the answer to the foreground and ignores the visible snowboarders/background evidence.,3
HJ023,pope,5131,5131,5131,correct_control_case,qwen3_vl,cot_light,Is there a dining table in the image?,,no,no,True,"The image shows a red fire hydrant in the foreground and a bus in the background on a street, with no indoor or outdoor dining table visible. 

no",/data2/huanjue/annotations/human_pope_mathvista_60_seed20260904/images/023_pope_5131_qwen3_vl_cot_light.jpg,no,none,correct answer,3
HJ024,pope,1150,1150,1150,correct_control_case,gemini_3_1_flash_lite,cot_light,Is there a cell phone in the image?,,yes,yes,True,"The woman is holding a mobile phone up to her ear.

Final answer: yes",/data2/huanjue/annotations/human_pope_mathvista_60_seed20260904/images/024_pope_1150_gemini_3_1_flash_lite_cot_light.jpg,no,none,correct answer,3
HJ025,pope,4978,4978,4978,correct_control_case,qwen2_5_vl,direct,Is there an umbrella in the image?,,yes,yes,True,Yes.,/data2/huanjue/annotations/human_pope_mathvista_60_seed20260904/images/025_pope_4978_qwen2_5_vl_direct.jpg,no,none,correct answer,3
HJ026,pope,912,912,912,correct_control_case,qwen3_vl,cot_light,Is there a sink in the image?,,yes,yes,True,"Yes, there is a white sink visible on the countertop in the foreground of the image, with a faucet and a mirror above it. The reflection in the mirror also shows a sink.

yes",/data2/huanjue/annotations/human_pope_mathvista_60_seed20260904/images/026_pope_912_qwen3_vl_cot_light.jpg,no,none,correct answer,3
HJ027,pope,7431,7431,7431,correct_control_case,qwen3_vl,direct,Is there a fork in the image?,,no,no,True,no,/data2/huanjue/annotations/human_pope_mathvista_60_seed20260904/images/027_pope_7431_qwen3_vl_direct.jpg,no,none,correct answer,3
HJ028,pope,5248,5248,5248,correct_control_case,gemini_3_1_flash_lite,cot_light,Is there a remote in the image?,,yes,yes,True,"There is a remote control visible on the coffee table.

Final answer: yes",/data2/huanjue/annotations/human_pope_mathvista_60_seed20260904/images/028_pope_5248_gemini_3_1_flash_lite_cot_light.jpg,no,none,correct answer,3
HJ029,pope,5787,5787,5787,correct_control_case,gemini_3_1_flash_lite,direct,Is there a car in the image?,,no,no,True,no,/data2/huanjue/annotations/human_pope_mathvista_60_seed20260904/images/029_pope_5787_gemini_3_1_flash_lite_direct.jpg,no,none,correct answer,3
HJ030,pope,4239,4239,4239,correct_control_case,qwen2_5_vl,cot_light,Is there a chair in the image?,,no,no,True,"No, there is no chair in the image. The image shows large kites shaped like a shark and an octopus, along with some people in the background, but no chairs are visible.",/data2/huanjue/annotations/human_pope_mathvista_60_seed20260904/images/030_pope_4239_qwen2_5_vl_cot_light.jpg,no,none,correct answer,3
HJ031,mathvista,807,807,808,direct_cot_disagreement_wrong_side,llava_onevision,direct,"Hint: Please answer the question requiring an integer answer and provide the final value, e.g., 1, 2, 3, at the end.
Question: Subtract all large purple spheres. Subtract all small gray things. How many objects are left?",,9,8,False,8,/data2/huanjue/annotations/human_pope_mathvista_60_seed20260904/images/031_mathvista_807_llava_onevision_direct.jpg,yes,reasoning hallucination,the model likely misidentifies object attributes or count,3
HJ032,mathvista,807,807,808,direct_cot_disagreement_right_side,llava_onevision,cot_light_final_first,"Hint: Please answer the question requiring an integer answer and provide the final value, e.g., 1, 2, 3, at the end.
Question: Subtract all large purple spheres. Subtract all small gray things. How many objects are left?",,9,9,True,"Final answer: 9

There are 9 objects left after removing the specified objects.",/data2/huanjue/annotations/human_pope_mathvista_60_seed20260904/images/032_mathvista_807_llava_onevision_cot_light_final_first.jpg,no,none,correct answer,3
HJ033,mathvista,609,609,610,direct_cot_disagreement_wrong_side,qwen3_vl,cot_light_final_first,"Hint: Please answer the question and provide the correct option letter, e.g., A, B, C, D, at the end.
Question: In the figure above, P, Q, and R lie on the same line. P is the center of the larger circle, and Q is the center of the smaller circle. If the radius of the larger circle is 4, what is the radius of the smaller circle?
Choices:
(A) 1
(B) 2
(C) 4
(D) 8
(E) 16","[""1"", ""2"", ""4"", ""8"", ""16""]",2,"the figure shows two concentric circles? no, it shows two circles with centers p and q, and they are tangent at point r. since p, q, and r are colinear, and r is a point of tangency, the distance from p to r is the radius of the larger circle, which is 4. the distance from q to r is the radius of the smaller circle. since the circles are tangent externally, the distance between centers p and q equals the sum of the radii: pq = pr + qr. but pr is the radius of the larger circle (4), and qr is the radius of the smaller circle (let’s call it r). so pq = 4 + r. but also, since p, q, r are colinear and r is on the larger circle, the distance from p to r is 4. the distance from q to r is r. since q is inside the larger circle and the circles are tangent at r, q must lie between p and r. therefore, pr = pq + qr. so 4 = pq + r. but pq is the distance from center of larger circle to center of smaller circle. since the smaller circle is inside the larger one and tangent to it, the distance between",False,"The figure shows two concentric circles? No, it shows two circles with centers P and Q, and they are tangent at point R. Since P, Q, and R are colinear, and R is a point of tangency, the distance from P to R is the radius of the larger circle, which is 4. The distance from Q to R is the radius of the smaller circle. Since the circles are tangent externally, the distance between centers P and Q equals the sum of the radii: PQ = PR + QR. But PR is the radius of the larger circle (4), and QR is the radius of the smaller circle (let’s call it r). So PQ = 4 + r. But also, since P, Q, R are colinear and R is on the larger circle, the distance from P to R is 4. The distance from Q to R is r. Since Q is inside the larger circle and the circles are tangent at R, Q must lie between P and R. Therefore, PR = PQ + QR. So 4 = PQ + r. But PQ is the distance from center of larger circle to center of smaller circle. Since the smaller circle is inside the larger one and tangent to it, the distance between",/data2/huanjue/annotations/human_pope_mathvista_60_seed20260904/images/033_mathvista_609_qwen3_vl_cot_light_final_first.jpg,yes,reasoning hallucination,The model identifies the circles but uses inconsistent geometric relations and ignores that P also lies on circle Q.,3
HJ034,mathvista,609,609,610,direct_cot_disagreement_right_side,qwen3_vl,direct,"Hint: Please answer the question and provide the correct option letter, e.g., A, B, C, D, at the end.
Question: In the figure above, P, Q, and R lie on the same line. P is the center of the larger circle, and Q is the center of the smaller circle. If the radius of the larger circle is 4, what is the radius of the smaller circle?
Choices:
(A) 1
(B) 2
(C) 4
(D) 8
(E) 16","[""1"", ""2"", ""4"", ""8"", ""16""]",2,2,True,B,/data2/huanjue/annotations/human_pope_mathvista_60_seed20260904/images/034_mathvista_609_qwen3_vl_direct.jpg,no,none,correct answer,3
HJ035,mathvista,122,122,123,direct_cot_disagreement_wrong_side,llava_onevision,direct,"Hint: Please answer the question and provide the correct option letter, e.g., A, B, C, D, at the end.
Question: The diagram represents successive rotations, starting from the top down. Which shape comes next?
Choices:
(A) A
(B) B
(C) C
(D) D
(E) E","[""A"", ""B"", ""C"", ""D"", ""E""]",d,b,False,B,/data2/huanjue/annotations/human_pope_mathvista_60_seed20260904/images/035_mathvista_122_llava_onevision_direct.jpg,yes,reasoning hallucination,The model may not have understood the laws of rotation.,2
HJ036,mathvista,122,122,123,direct_cot_disagreement_right_side,llava_onevision,cot_light_final_first,"Hint: Please answer the question and provide the correct option letter, e.g., A, B, C, D, at the end.
Question: The diagram represents successive rotations, starting from the top down. Which shape comes next?
Choices:
(A) A
(B) B
(C) C
(D) D
(E) E","[""A"", ""B"", ""C"", ""D"", ""E""]",d,d,True,"Final answer: D
Then give one short reason based on the image.",/data2/huanjue/annotations/human_pope_mathvista_60_seed20260904/images/036_mathvista_122_llava_onevision_cot_light_final_first.jpg,no,none,correct answer,3
HJ037,mathvista,345,345,346,direct_cot_disagreement_wrong_side,qwen2_5_vl,cot_light_final_first,"Hint: Please answer the question requiring an integer answer and provide the final value, e.g., 1, 2, 3, at the end.
Question: What is the y-intercept of this function?",,1,0,False,"Final answer: 0

Reason: The y-intercept occurs where the graph crosses the y-axis, which is at the point (0, 0) in the given graph.",/data2/huanjue/annotations/human_pope_mathvista_60_seed20260904/images/037_mathvista_345_qwen2_5_vl_cot_light_final_first.jpg,yes,vision-grounding error,"The y-intercept occurs where the graph crosses the y-axis, which is at the point (1, 0) in the given graph.",3
HJ038,mathvista,345,345,346,direct_cot_disagreement_right_side,qwen2_5_vl,direct,"Hint: Please answer the question requiring an integer answer and provide the final value, e.g., 1, 2, 3, at the end.
Question: What is the y-intercept of this function?",,1,1,True,1,/data2/huanjue/annotations/human_pope_mathvista_60_seed20260904/images/038_mathvista_345_qwen2_5_vl_direct.jpg,no,none,correct answer,3
HJ039,mathvista,329,329,330,direct_cot_disagreement_wrong_side,gemini_3_1_flash_lite,cot_light_final_first,"Hint: Please answer the question requiring an integer answer and provide the final value, e.g., 1, 2, 3, at the end.
Question: Subtract all tiny cubes. Subtract all brown balls. How many objects are left?",,7,8,False,"Final answer: 8
Reason: There are 10 objects total, and subtracting the one tiny cube and one brown ball leaves 8 objects.",/data2/huanjue/annotations/human_pope_mathvista_60_seed20260904/images/039_mathvista_329_gemini_3_1_flash_lite_cot_light_final_first.jpg,yes,reasoning hallucination,the model likely misidentifies object attributes or count,3
HJ040,mathvista,329,329,330,direct_cot_disagreement_right_side,gemini_3_1_flash_lite,direct,"Hint: Please answer the question requiring an integer answer and provide the final value, e.g., 1, 2, 3, at the end.
Question: Subtract all tiny cubes. Subtract all brown balls. How many objects are left?",,7,7,True,7,/data2/huanjue/annotations/human_pope_mathvista_60_seed20260904/images/040_mathvista_329_gemini_3_1_flash_lite_direct.jpg,no,none,correct answer,3
HJ041,mathvista,998,998,999,multi_model_hard_wrong_case,llava_onevision,cot_light_final_first,"Hint: Please answer the question requiring a floating-point number with one decimal place and provide the final value, e.g., 1.2, 1.3, 1.4, at the end.
Question: The magnitude of the acceleration vector a is $10 \mathrm{~cm} / \mathrm{s}^2$. Use the figure to estimate the tangential components of $\mathbf{a}$.",,4.5,1.0,False,"Final answer: 1.0

The reason is that the tangential component of acceleration is the component of the acceleration vector that is parallel to the velocity vector. In this case, the tangential component of acceleration is equal to the magnitude of the acceleration vector, which is given as 10 cm/s^2. Since the question asks for the tangential component in units of cm/s^2, we can round this value to one decimal place, giving us 1.0 cm/s^2.",/data2/huanjue/annotations/human_pope_mathvista_60_seed20260904/images/041_mathvista_998_llava_onevision_cot_light_final_first.jpg,yes,reasoning hallucination,The model gives an internally inconsistent calculation: it states the tangential acceleration is 10 cm/s^2 but rounds it to 1.0 cm/s^2.,3
HJ042,mathvista,986,986,987,multi_model_hard_wrong_case,llava_onevision,cot_light_final_first,"Hint: Please answer the question requiring an integer answer and provide the final value, e.g., 1, 2, 3, at the end.
Question: A cross-section of an airplane wing is shown. Measurements of the thickness of the wing, in centimeters, at 20-centimeter intervals are 5.8, 20.3, 26.7, 29.0, 27.6, 27.3, 23.8, 20.5, 15.1, 8.7, and 2.8. Use the Midpoint Rule to estimate the area of the wing's cross-section.",,4232,2,False,"Final answer: 1140.1 cm^2

The reason is that the Midpoint Rule is used to estimate the area under a curve by approximating it with rectangles. In this case, the thickness of the wing is used as the height of the rectangles, and the distance between measurements (20 cm) is used as the width. The sum of the areas of these rectangles gives an estimate of the total area of the wing's cross-section.",/data2/huanjue/annotations/human_pope_mathvista_60_seed20260904/images/042_mathvista_986_llava_onevision_cot_light_final_first.jpg,yes,reasoning hallucination,"The method description is reasonable, but the final numerical result is far from the correct answer, indicating an error in calculation or value aggregation.",3
HJ043,mathvista,980,980,981,multi_model_hard_wrong_case,qwen2_5_vl,cot_light_final_first,"Hint: Please answer the question requiring a floating-point number with one decimal place and provide the final value, e.g., 1.2, 1.3, 1.4, at the end.
Question: What is the sum of 2002, 2003 and 2004?",,70.4,65.9,False,"Final answer: 65.9

Reason: The data points for 2002, 2003, and 2004 are 19.4%, 23.2%, and 27.8% respectively. Adding these percentages together gives 19.4 + 23.2 + 27.8 = 65.9%.",/data2/huanjue/annotations/human_pope_mathvista_60_seed20260904/images/043_mathvista_980_qwen2_5_vl_cot_light_final_first.jpg,yes,reasoning hallucination,"The model reads the chart values but makes an incorrect arithmetic calculation: 19.4 + 23.2 + 27.8 should be 70.4, not 65.9.",3
HJ044,mathvista,978,978,979,multi_model_hard_wrong_case,gemini_3_1_flash_lite,direct,"Hint: Please answer the question requiring an integer answer and provide the final value, e.g., 1, 2, 3, at the end.
Question: What number is shown?",,9079,877,False,877,/data2/huanjue/annotations/human_pope_mathvista_60_seed20260904/images/044_mathvista_978_gemini_3_1_flash_lite_direct.jpg,yes,reasoning hallucination,the model likely misidentifies object attributes or count,3
HJ045,mathvista,949,949,950,multi_model_hard_wrong_case,llava_onevision,direct,"Hint: Please answer the question and provide the correct option letter, e.g., A, B, C, D, at the end.
Question: The slope of f(x) at x=0 is ____
Choices:
(A) positive
(B) negative
(C) zero
(D) undefined","[""positive"", ""negative"", ""zero"", ""undefined""]",positive,negative,False,B,/data2/huanjue/annotations/human_pope_mathvista_60_seed20260904/images/045_mathvista_949_llava_onevision_direct.jpg,no,none,The model correctly identifies the negative slope and selects option B,3
HJ046,mathvista,944,944,945,multi_model_hard_wrong_case,qwen2_5_vl,direct,"Hint: Please answer the question requiring an integer answer and provide the final value, e.g., 1, 2, 3, at the end.
Question: What is the age gap between these two people in image? (Unit: years)",,6,4,False,4,/data2/huanjue/annotations/human_pope_mathvista_60_seed20260904/images/046_mathvista_944_qwen2_5_vl_direct.jpg,uncertain,uncertain,The image does not provide clear visual or textual evidence for the exact age gap.,1
HJ047,mathvista,918,918,919,multi_model_hard_wrong_case,gemini_3_1_flash_lite,direct,"Hint: Please answer the question requiring an integer answer and provide the final value, e.g., 1, 2, 3, at the end.
Question: How many items sold more than 3 units in at least one store?",,7,6,False,6,/data2/huanjue/annotations/human_pope_mathvista_60_seed20260904/images/047_mathvista_918_gemini_3_1_flash_lite_direct.jpg,yes,reasoning hallucination,The model may not have correctly interpreted the vertical axis of the bar chart.,3
HJ048,mathvista,917,917,918,multi_model_hard_wrong_case,qwen2_5_vl,direct,"Hint: Please answer the question requiring an integer answer and provide the final value, e.g., 1, 2, 3, at the end.
Question: Calculate the missing item.",,1,18,False,18,/data2/huanjue/annotations/human_pope_mathvista_60_seed20260904/images/048_mathvista_917_qwen2_5_vl_direct.jpg,yes,reasoning hallucination,The model may not have a correct understanding of the relationship between numbers and geometry.,3
HJ049,mathvista,915,915,916,multi_model_hard_wrong_case,llava_onevision,direct,"Hint: Please answer the question and provide the correct option letter, e.g., A, B, C, D, at the end.
Question: As shown in the figure, in Rt△ABC, ∠C = 90.0, ∠A = 30.0, BC = 2.0, the radius of ⊙C is 1.0, point P is the point on the hypotenuse AB, passing point P is a tangent PQ of ⊙C (Point Q is the tangent point), then the minimum value of the line segment PQ is ()
Choices:
(A) 2
(B) √{3}
(C) √{2}
(D) 2-\frac{√{3}}{3}","[""2"", ""√{3}"", ""√{2}"", ""2-\\frac{√{3}}{3}""]",√{2,√{3,False,B,/data2/huanjue/annotations/human_pope_mathvista_60_seed20260904/images/049_mathvista_915_llava_onevision_direct.jpg,yes,reasoning hallucination,The model may not have the correct geometric relationships shown in the image.,3
HJ050,mathvista,879,879,880,multi_model_hard_wrong_case,gemini_3_1_flash_lite,cot_light_final_first,"Hint: Please answer the question requiring a floating-point number with two decimal places and provide the final value, e.g., 1.23, 1.34, 1.45, at the end.
Question: What's the total add up value of largest and smallest bar?",,252.65,5.50,False,"Final answer: 5.50
Reason: The largest bar is 5.25 trillion and the smallest is 0.2474 trillion, which sum to approximately 5.50 trillion.",/data2/huanjue/annotations/human_pope_mathvista_60_seed20260904/images/050_mathvista_879_gemini_3_1_flash_lite_cot_light_final_first.jpg,no,none,The model answer is correct after unit conversion; the rule evaluation/gold normalization does not handle billion-to-trillion conversion.,3
HJ051,mathvista,862,862,863,multi_model_hard_wrong_case,gemini_3_1_flash_lite,cot_light_final_first,"Hint: Please answer the question and provide the correct option letter, e.g., A, B, C, D, at the end.
Question: Does Rhode Island have the lowest value in the USA ?
Choices:
(A) Yes
(B) No","[""Yes"", ""No""]",yes,no,False,"Final answer: (B)
Reason: Rhode Island is colored with a darker shade than several other states, which have lighter colors indicating lower values.",/data2/huanjue/annotations/human_pope_mathvista_60_seed20260904/images/051_mathvista_862_gemini_3_1_flash_lite_cot_light_final_first.jpg,yes,vision-grounding error,"The model misidentifies the location/color of Rhode Island on the map; Rhode Island is white, not darker.",3
HJ052,mathvista,858,858,859,multi_model_hard_wrong_case,gemini_3_1_flash_lite,cot_light_final_first,"Hint: Please answer the question requiring an integer answer and provide the final value, e.g., 1, 2, 3, at the end.
Question: What is the age gap between these two people in image? (Unit: years)",,27,12,False,"Final answer: 12
Reason: The image shows William S. Paley (born 1901) and Edward R. Murrow (born 1908), but the figures are actually CBS executives Frank Stanton (born 1908) and William S. Paley (born 1901), with a 7-year gap, or more accurately, the men are William S. Paley and Edward R. Murrow, who had a 7-year age difference, but based on historical identification of these specific individuals, the gap is 7 years,",/data2/huanjue/annotations/human_pope_mathvista_60_seed20260904/images/052_mathvista_858_gemini_3_1_flash_lite_cot_light_final_first.jpg,uncertain,uncertain,3,1
HJ053,mathvista,926,926,927,correct_control_case,gemini_3_1_flash_lite,cot_light_final_first,"Hint: Please answer the question and provide the correct option letter, e.g., A, B, C, D, at the end.
Question: 如图，在△ABC中，AB的垂直平分线交AB于点D，交BC于点E，连接AE．若AB＝6，△ACE的周长为13，则△ABC的周长为（）
Choices:
(A) 19
(B) 16
(C) 29
(D) 18","[""19"", ""16"", ""29"", ""18""]",19,19,True,"Final answer: 19, (A)
Reason: Since DE is the perpendicular bisector of AB, AE = BE, so the perimeter of triangle ABC is AB + AC + BC = AB + (AC + AE) = 6 + 13 = 19.",/data2/huanjue/annotations/human_pope_mathvista_60_seed20260904/images/053_mathvista_926_gemini_3_1_flash_lite_cot_light_final_first.jpg,no,none,correct answer,3
HJ054,mathvista,600,600,601,correct_control_case,qwen2_5_vl,cot_light_final_first,"Hint: Please answer the question requiring a floating-point number with two decimal places and provide the final value, e.g., 1.23, 1.34, 1.45, at the end.
Question: What's the ratio of smallest segment and second largest segment?",,0.33,0.33,True,"Final answer: 0.33

Reason: The smallest segment is ""Don't know"" at 7%, and the second largest segment is ""Strong ties with Russia"" at 15%. The ratio of these two segments is 7% / 15% = 0.4667, which can be rounded to 0.33 for simplicity.",/data2/huanjue/annotations/human_pope_mathvista_60_seed20260904/images/054_mathvista_600_qwen2_5_vl_cot_light_final_first.jpg,yes,vision-grounding error,"The final answer is correct, but the model misreads the chart: the second largest segment is 21%, not 15%.",3
HJ055,mathvista,12,12,13,correct_control_case,gemini_3_1_flash_lite,direct,"Hint: Please answer the question requiring an integer answer and provide the final value, e.g., 1, 2, 3, at the end.
Question: How many objects are preferred by more than 90 percent of people in at least one category?",,0,0,True,0,/data2/huanjue/annotations/human_pope_mathvista_60_seed20260904/images/055_mathvista_12_gemini_3_1_flash_lite_direct.jpg,no,none,correct answer,3
HJ056,mathvista,650,650,651,correct_control_case,llava_onevision,cot_light_final_first,"Hint: Please answer the question requiring an integer answer and provide the final value, e.g., 1, 2, 3, at the end.
Question: For an assignment, Johnny looked at which countries got the most Nobel Prizes in various decades. In the 1990s, how many more Nobel Prize winners did Canada have than Italy? (Unit: Nobel Prize winners)",,7,7,True,"Final answer: 7
Then give one short reason based on the image.",/data2/huanjue/annotations/human_pope_mathvista_60_seed20260904/images/056_mathvista_650_llava_onevision_cot_light_final_first.jpg,no,none,correct answer,3
HJ057,mathvista,305,305,306,correct_control_case,gemini_3_1_flash_lite,cot_light_final_first,"Hint: Please answer the question and provide the correct option letter, e.g., A, B, C, D, at the end.
Question: Is the bed much larger than the kitten?
Choices:
(A) Yes
(B) No","[""Yes"", ""No""]",yes,yes,True,"Final answer: (A)
Reason: The bed is significantly larger than the small kitten sleeping inside it.",/data2/huanjue/annotations/human_pope_mathvista_60_seed20260904/images/057_mathvista_305_gemini_3_1_flash_lite_cot_light_final_first.jpg,no,none,correct answer,3
HJ058,mathvista,430,430,431,correct_control_case,gemini_3_1_flash_lite,cot_light_final_first,"Hint: Please answer the question and provide the correct option letter, e.g., A, B, C, D, at the end.
Question: From the above food web diagram, what would happen to dragonfly if all mayfly dies
Choices:
(A) remains the same
(B) increase
(C) decrease
(D) NA","[""remains the same"", ""increase"", ""decrease"", ""NA""]",decrease,decrease,True,"Final answer: (C)
Reason: The dragonfly nymph relies on the mayfly nymph as a food source, so its population would decrease if that food source disappears.",/data2/huanjue/annotations/human_pope_mathvista_60_seed20260904/images/058_mathvista_430_gemini_3_1_flash_lite_cot_light_final_first.jpg,no,none,correct answer,3
HJ059,mathvista,375,375,376,correct_control_case,qwen2_5_vl,cot_light_final_first,"Hint: Please answer the question requiring an integer answer and provide the final value, e.g., 1, 2, 3, at the end.
Question: Subtract all purple matte cubes. Subtract all tiny gray metal cubes. How many objects are left?",,7,7,True,"Final answer: 7

Reason: There is one purple matte cube and one tiny gray metal cube in the image. Subtracting these two objects leaves 7 objects.",/data2/huanjue/annotations/human_pope_mathvista_60_seed20260904/images/059_mathvista_375_qwen2_5_vl_cot_light_final_first.jpg,no,none,correct answer,3
HJ060,mathvista,615,615,616,correct_control_case,qwen3_vl,direct,"Hint: Please answer the question requiring an integer answer and provide the final value, e.g., 1, 2, 3, at the end.
Question: What is the ratio of instagram to google?",,2,2,True,2,/data2/huanjue/annotations/human_pope_mathvista_60_seed20260904/images/060_mathvista_615_qwen3_vl_direct.jpg,no,none,correct answer,3
